recordDay,timeZone,sportType,sportBasicInfoData
20210526,"""	-0500""",4,"{""duration"":19,""altitude"":0.0,""distance"":2863,""calorie"":182000,""count"":0,""floor"":0,""steps"":3138}"
20210526,"""	-0500""",5,"{""duration"":54,""altitude"":0.0,""distance"":1742,""calorie"":274942,""count"":0,""floor"":0,""steps"":2834}"
20210527,"""	-0500""",5,"{""duration"":19,""altitude"":0.0,""distance"":205,""calorie"":4625,""count"":0,""floor"":0,""steps"":371}"
20210528,"""	-0500""",4,"{""duration"":1,""altitude"":0.0,""distance"":112,""calorie"":6621,""count"":0,""floor"":0,""steps"":144}"
20210528,"""	-0500""",5,"{""duration"":80,""altitude"":0.0,""distance"":3460,""calorie"":148855,""count"":0,""floor"":0,""steps"":4818}"
20210529,"""	-0500""",4,"{""duration"":22,""altitude"":0.0,""distance"":3170,""calorie"":213269,""count"":0,""floor"":0,""steps"":3549}"
20210529,"""	-0500""",5,"{""duration"":51,""altitude"":0.0,""distance"":1758,""calorie"":109758,""count"":0,""floor"":0,""steps"":2397}"
20210530,"""	-0500""",5,"{""duration"":113,""altitude"":0.0,""distance"":2391,""calorie"":171751,""count"":0,""floor"":0,""steps"":4051}"
20210531,"""	-0500""",4,"{""duration"":20,""altitude"":0.0,""distance"":2903,""calorie"":188000,""count"":0,""floor"":0,""steps"":3229}"
20210531,"""	-0500""",5,"{""duration"":83,""altitude"":0.0,""distance"":2064,""calorie"":126569,""count"":0,""floor"":0,""steps"":2917}"
20210601,"""	-0500""",5,"{""duration"":35,""altitude"":0.0,""distance"":523,""calorie"":20312,""count"":0,""floor"":0,""steps"":839}"
20210602,"""	-0500""",5,"{""duration"":10,""altitude"":0.0,""distance"":115,""calorie"":1790,""count"":0,""floor"":0,""steps"":193}"
20210603,"""	-0500""",4,"{""duration"":14,""altitude"":0.0,""distance"":2073,""calorie"":131000,""count"":0,""floor"":0,""steps"":2279}"
20210603,"""	-0500""",5,"{""duration"":75,""altitude"":0.0,""distance"":2271,""calorie"":116372,""count"":0,""floor"":0,""steps"":3334}"
20210604,"""	-0500""",5,"{""duration"":79,""altitude"":0.0,""distance"":4121,""calorie"":196640,""count"":0,""floor"":0,""steps"":5689}"
20210605,"""	-0500""",4,"{""duration"":18,""altitude"":0.0,""distance"":2614,""calorie"":165000,""count"":0,""floor"":0,""steps"":2886}"
20210605,"""	-0500""",5,"{""duration"":61,""altitude"":0.0,""distance"":1538,""calorie"":154591,""count"":0,""floor"":0,""steps"":2288}"
20210606,"""	-0500""",5,"{""duration"":24,""altitude"":0.0,""distance"":282,""calorie"":9114,""count"":0,""floor"":0,""steps"":496}"
20210607,"""	-0500""",4,"{""duration"":22,""altitude"":0.0,""distance"":3333,""calorie"":214000,""count"":0,""floor"":0,""steps"":3605}"
20210607,"""	-0500""",5,"{""duration"":78,""altitude"":0.0,""distance"":1621,""calorie"":245365,""count"":0,""floor"":0,""steps"":2858}"
20210608,"""	-0500""",5,"{""duration"":27,""altitude"":0.0,""distance"":857,""calorie"":36547,""count"":0,""floor"":0,""steps"":1285}"
20210609,"""	-0500""",4,"{""duration"":20,""altitude"":0.0,""distance"":3067,""calorie"":193000,""count"":0,""floor"":0,""steps"":3331}"
20210609,"""	-0500""",5,"{""duration"":48,""altitude"":0.0,""distance"":821,""calorie"":149153,""count"":0,""floor"":0,""steps"":1484}"
20210610,"""	-0500""",5,"{""duration"":77,""altitude"":0.0,""distance"":1821,""calorie"":76235,""count"":0,""floor"":0,""steps"":2881}"
20210611,"""	-0500""",4,"{""duration"":20,""altitude"":0.0,""distance"":3007,""calorie"":190000,""count"":0,""floor"":0,""steps"":3271}"
20210611,"""	-0500""",5,"{""duration"":81,""altitude"":0.0,""distance"":3275,""calorie"":207690,""count"":0,""floor"":0,""steps"":4659}"
20210612,"""	-0500""",5,"{""duration"":16,""altitude"":0.0,""distance"":236,""calorie"":5892,""count"":0,""floor"":0,""steps"":411}"
20210613,"""	-0500""",5,"{""duration"":48,""altitude"":0.0,""distance"":842,""calorie"":30196,""count"":0,""floor"":0,""steps"":1279}"
20210614,"""	-0500""",4,"{""duration"":17,""altitude"":0.0,""distance"":2494,""calorie"":158000,""count"":0,""floor"":0,""steps"":2715}"
20210614,"""	-0500""",5,"{""duration"":77,""altitude"":0.0,""distance"":1806,""calorie"":212267,""count"":0,""floor"":0,""steps"":2815}"
20210615,"""	-0500""",5,"{""duration"":48,""altitude"":0.0,""distance"":1365,""calorie"":56675,""count"":0,""floor"":0,""steps"":1959}"
20210616,"""	-0500""",4,"{""duration"":16,""altitude"":0.0,""distance"":2285,""calorie"":146000,""count"":0,""floor"":0,""steps"":2570}"
20210616,"""	-0500""",5,"{""duration"":47,""altitude"":0.0,""distance"":1421,""calorie"":84547,""count"":0,""floor"":0,""steps"":1999}"
20210617,"""	-0500""",5,"{""duration"":23,""altitude"":0.0,""distance"":232,""calorie"":8171,""count"":0,""floor"":0,""steps"":394}"
20210618,"""	-0500""",5,"{""duration"":23,""altitude"":0.0,""distance"":311,""calorie"":8479,""count"":0,""floor"":0,""steps"":487}"
20210619,"""	-0500""",5,"{""duration"":18,""altitude"":0.0,""distance"":194,""calorie"":5182,""count"":0,""floor"":0,""steps"":324}"
20210620,"""	-0500""",4,"{""duration"":15,""altitude"":0.0,""distance"":2058,""calorie"":134000,""count"":0,""floor"":0,""steps"":2411}"
20210620,"""	-0500""",5,"{""duration"":78,""altitude"":0.0,""distance"":1883,""calorie"":193272,""count"":0,""floor"":0,""steps"":2919}"
20210621,"""	-0500""",5,"{""duration"":15,""altitude"":0.0,""distance"":155,""calorie"":4199,""count"":0,""floor"":0,""steps"":264}"
20210622,"""	-0500""",4,"{""duration"":17,""altitude"":0.0,""distance"":2453,""calorie"":158000,""count"":0,""floor"":0,""steps"":2769}"
20210622,"""	-0500""",5,"{""duration"":70,""altitude"":0.0,""distance"":1575,""calorie"":212982,""count"":0,""floor"":0,""steps"":2473}"
20210623,"""	-0500""",5,"{""duration"":18,""altitude"":0.0,""distance"":155,""calorie"":3209,""count"":0,""floor"":0,""steps"":264}"
20210624,"""	-0500""",5,"{""duration"":11,""altitude"":0.0,""distance"":137,""calorie"":4520,""count"":0,""floor"":0,""steps"":229}"
20210625,"""	-0500""",5,"{""duration"":21,""altitude"":0.0,""distance"":222,""calorie"":3918,""count"":0,""floor"":0,""steps"":358}"
20210626,"""	-0500""",4,"{""duration"":16,""altitude"":0.0,""distance"":2246,""calorie"":146000,""count"":0,""floor"":0,""steps"":2546}"
20210626,"""	-0500""",5,"{""duration"":69,""altitude"":0.0,""distance"":1707,""calorie"":225367,""count"":0,""floor"":0,""steps"":2845}"
20210627,"""	-0500""",5,"{""duration"":42,""altitude"":0.0,""distance"":1169,""calorie"":43311,""count"":0,""floor"":0,""steps"":1725}"
20210628,"""	-0500""",5,"{""duration"":40,""altitude"":0.0,""distance"":1460,""calorie"":63394,""count"":0,""floor"":0,""steps"":2056}"
20210629,"""	-0500""",5,"{""duration"":24,""altitude"":0.0,""distance"":280,""calorie"":6723,""count"":0,""floor"":0,""steps"":467}"
20210630,"""	-0500""",4,"{""duration"":17,""altitude"":0.0,""distance"":2382,""calorie"":155000,""count"":0,""floor"":0,""steps"":2615}"
20210630,"""	-0500""",5,"{""duration"":42,""altitude"":0.0,""distance"":1378,""calorie"":173082,""count"":0,""floor"":0,""steps"":1980}"
20210701,"""	-0500""",5,"{""duration"":98,""altitude"":0.0,""distance"":5747,""calorie"":249434,""count"":0,""floor"":0,""steps"":7957}"
20210702,"""	-0500""",5,"{""duration"":153,""altitude"":0.0,""distance"":7730,""calorie"":339448,""count"":0,""floor"":0,""steps"":11032}"
20210703,"""	-0500""",5,"{""duration"":33,""altitude"":0.0,""distance"":455,""calorie"":10434,""count"":0,""floor"":0,""steps"":742}"
20210704,"""	-0500""",5,"{""duration"":51,""altitude"":0.0,""distance"":1645,""calorie"":63742,""count"":0,""floor"":0,""steps"":2455}"
20210705,"""	-0500""",4,"{""duration"":3,""altitude"":0.0,""distance"":388,""calorie"":23824,""count"":0,""floor"":0,""steps"":488}"
20210705,"""	-0500""",5,"{""duration"":77,""altitude"":0.0,""distance"":3570,""calorie"":164959,""count"":0,""floor"":0,""steps"":4894}"
20210706,"""	-0500""",5,"{""duration"":28,""altitude"":0.0,""distance"":1027,""calorie"":40008,""count"":0,""floor"":0,""steps"":1491}"
20210707,"""	-0500""",5,"{""duration"":28,""altitude"":0.0,""distance"":438,""calorie"":11558,""count"":0,""floor"":0,""steps"":711}"
20210708,"""	-0500""",5,"{""duration"":25,""altitude"":0.0,""distance"":288,""calorie"":7299,""count"":0,""floor"":0,""steps"":522}"
20210709,"""	-0500""",5,"{""duration"":38,""altitude"":0.0,""distance"":373,""calorie"":13336,""count"":0,""floor"":0,""steps"":647}"
20210710,"""	-0500""",4,"{""duration"":16,""altitude"":0.0,""distance"":2412,""calorie"":148000,""count"":0,""floor"":0,""steps"":2623}"
20210710,"""	-0500""",5,"{""duration"":54,""altitude"":0.0,""distance"":1837,""calorie"":111604,""count"":0,""floor"":0,""steps"":2544}"
20210711,"""	-0500""",5,"{""duration"":43,""altitude"":0.0,""distance"":1057,""calorie"":39833,""count"":0,""floor"":0,""steps"":1594}"
20210712,"""	-0500""",5,"{""duration"":105,""altitude"":0.0,""distance"":1344,""calorie"":33470,""count"":0,""floor"":0,""steps"":2304}"
20210713,"""	-0500""",5,"{""duration"":156,""altitude"":0.0,""distance"":4653,""calorie"":198483,""count"":0,""floor"":0,""steps"":6829}"
20210714,"""	-0500""",5,"{""duration"":35,""altitude"":0.0,""distance"":466,""calorie"":10246,""count"":0,""floor"":0,""steps"":807}"
20210715,"""	-0500""",4,"{""duration"":17,""altitude"":0.0,""distance"":2481,""calorie"":154000,""count"":0,""floor"":0,""steps"":2698}"
20210715,"""	-0500""",5,"{""duration"":80,""altitude"":0.0,""distance"":2175,""calorie"":115391,""count"":0,""floor"":0,""steps"":3134}"
20210716,"""	-0500""",5,"{""duration"":131,""altitude"":0.0,""distance"":5492,""calorie"":232356,""count"":0,""floor"":0,""steps"":7704}"
20210717,"""	-0500""",5,"{""duration"":220,""altitude"":0.0,""distance"":6962,""calorie"":283245,""count"":0,""floor"":0,""steps"":11300}"
20210718,"""	-0500""",5,"{""duration"":221,""altitude"":0.0,""distance"":5640,""calorie"":193195,""count"":0,""floor"":0,""steps"":9450}"
20210719,"""	-0500""",5,"{""duration"":17,""altitude"":0.0,""distance"":407,""calorie"":11500,""count"":0,""floor"":0,""steps"":637}"
20210720,"""	-0500""",4,"{""duration"":13,""altitude"":0.0,""distance"":1688,""calorie"":108000,""count"":0,""floor"":0,""steps"":2122}"
20210720,"""	-0500""",5,"{""duration"":46,""altitude"":0.0,""distance"":1508,""calorie"":86645,""count"":0,""floor"":0,""steps"":2090}"
20210721,"""	-0500""",5,"{""duration"":30,""altitude"":0.0,""distance"":546,""calorie"":16999,""count"":0,""floor"":0,""steps"":911}"
20210722,"""	-0500""",5,"{""duration"":69,""altitude"":0.0,""distance"":2448,""calorie"":105731,""count"":0,""floor"":0,""steps"":3536}"
20210723,"""	-0500""",5,"{""duration"":106,""altitude"":0.0,""distance"":6041,""calorie"":263457,""count"":0,""floor"":0,""steps"":7986}"
20210724,"""	-0500""",5,"{""duration"":54,""altitude"":0.0,""distance"":1724,""calorie"":69754,""count"":0,""floor"":0,""steps"":2567}"
20210725,"""	-0500""",5,"{""duration"":88,""altitude"":0.0,""distance"":1913,""calorie"":78283,""count"":0,""floor"":0,""steps"":3048}"
20210726,"""	-0500""",4,"{""duration"":18,""altitude"":0.0,""distance"":2447,""calorie"":159000,""count"":0,""floor"":0,""steps"":2880}"
20210726,"""	-0500""",5,"{""duration"":55,""altitude"":0.0,""distance"":1386,""calorie"":162919,""count"":0,""floor"":0,""steps"":2101}"
20210727,"""	-0500""",5,"{""duration"":29,""altitude"":0.0,""distance"":380,""calorie"":21259,""count"":0,""floor"":0,""steps"":681}"
20210728,"""	-0500""",5,"{""duration"":23,""altitude"":0.0,""distance"":272,""calorie"":5127,""count"":0,""floor"":0,""steps"":472}"
20210729,"""	-0500""",5,"{""duration"":28,""altitude"":0.0,""distance"":429,""calorie"":10959,""count"":0,""floor"":0,""steps"":738}"
20210730,"""	-0500""",5,"{""duration"":41,""altitude"":0.0,""distance"":1573,""calorie"":59226,""count"":0,""floor"":0,""steps"":2185}"
20210731,"""	-0500""",5,"{""duration"":64,""altitude"":0.0,""distance"":1732,""calorie"":68465,""count"":0,""floor"":0,""steps"":3092}"
20210801,"""	-0500""",5,"{""duration"":29,""altitude"":0.0,""distance"":241,""calorie"":4347,""count"":0,""floor"":0,""steps"":430}"
20210802,"""	-0500""",5,"{""duration"":24,""altitude"":0.0,""distance"":275,""calorie"":6630,""count"":0,""floor"":0,""steps"":485}"
20210803,"""	-0500""",5,"{""duration"":10,""altitude"":0.0,""distance"":122,""calorie"":3151,""count"":0,""floor"":0,""steps"":213}"
20210804,"""	-0500""",5,"{""duration"":6,""altitude"":0.0,""distance"":30,""calorie"":2000,""count"":0,""floor"":0,""steps"":63}"
20210805,"""	-0500""",5,"{""duration"":21,""altitude"":0.0,""distance"":225,""calorie"":4690,""count"":0,""floor"":0,""steps"":393}"
20210806,"""	-0500""",5,"{""duration"":34,""altitude"":0.0,""distance"":389,""calorie"":8726,""count"":0,""floor"":0,""steps"":688}"
20210807,"""	-0500""",5,"{""duration"":54,""altitude"":0.0,""distance"":1037,""calorie"":34216,""count"":0,""floor"":0,""steps"":1644}"
20210808,"""	-0500""",4,"{""duration"":14,""altitude"":0.0,""distance"":1859,""calorie"":121000,""count"":0,""floor"":0,""steps"":2136}"
20210808,"""	-0500""",5,"{""duration"":72,""altitude"":0.0,""distance"":1640,""calorie"":94946,""count"":0,""floor"":0,""steps"":2401}"
20210809,"""	-0500""",5,"{""duration"":27,""altitude"":0.0,""distance"":489,""calorie"":14223,""count"":0,""floor"":0,""steps"":835}"
20210810,"""	-0500""",4,"{""duration"":13,""altitude"":0.0,""distance"":1981,""calorie"":113000,""count"":0,""floor"":0,""steps"":2177}"
20210810,"""	-0500""",5,"{""duration"":153,""altitude"":0.0,""distance"":7907,""calorie"":424105,""count"":0,""floor"":0,""steps"":10851}"
20210811,"""	-0500""",5,"{""duration"":21,""altitude"":0.0,""distance"":246,""calorie"":5986,""count"":0,""floor"":0,""steps"":417}"
20210812,"""	-0500""",4,"{""duration"":16,""altitude"":0.0,""distance"":2252,""calorie"":137000,""count"":0,""floor"":0,""steps"":2519}"
20210812,"""	-0500""",5,"{""duration"":47,""altitude"":0.0,""distance"":2059,""calorie"":103540,""count"":0,""floor"":0,""steps"":2822}"
20210813,"""	-0500""",5,"{""duration"":28,""altitude"":0.0,""distance"":263,""calorie"":5357,""count"":0,""floor"":0,""steps"":460}"
20210814,"""	-0500""",5,"{""duration"":86,""altitude"":0.0,""distance"":1989,""calorie"":67426,""count"":0,""floor"":0,""steps"":3047}"
20210815,"""	-0500""",4,"{""duration"":15,""altitude"":0.0,""distance"":2158,""calorie"":128000,""count"":0,""floor"":0,""steps"":2333}"
20210815,"""	-0500""",5,"{""duration"":35,""altitude"":0.0,""distance"":961,""calorie"":61426,""count"":0,""floor"":0,""steps"":1334}"
20210816,"""	-0500""",5,"{""duration"":25,""altitude"":0.0,""distance"":364,""calorie"":11884,""count"":0,""floor"":0,""steps"":568}"
20210817,"""	-0500""",5,"{""duration"":78,""altitude"":0.0,""distance"":967,""calorie"":25807,""count"":0,""floor"":0,""steps"":1593}"
20210818,"""	-0500""",4,"{""duration"":18,""altitude"":0.0,""distance"":2748,""calorie"":161000,""count"":0,""floor"":0,""steps"":2943}"
20210818,"""	-0500""",5,"{""duration"":50,""altitude"":0.0,""distance"":1213,""calorie"":147250,""count"":0,""floor"":0,""steps"":1895}"
20210819,"""	-0500""",5,"{""duration"":38,""altitude"":0.0,""distance"":374,""calorie"":9362,""count"":0,""floor"":0,""steps"":662}"
20210820,"""	-0500""",4,"{""duration"":18,""altitude"":0.0,""distance"":2613,""calorie"":158000,""count"":0,""floor"":0,""steps"":2855}"
20210820,"""	-0500""",5,"{""duration"":71,""altitude"":0.0,""distance"":1432,""calorie"":214208,""count"":0,""floor"":0,""steps"":2492}"
20210821,"""	-0500""",5,"{""duration"":46,""altitude"":0.0,""distance"":512,""calorie"":14677,""count"":0,""floor"":0,""steps"":868}"
20210822,"""	-0500""",4,"{""duration"":17,""altitude"":0.0,""distance"":2629,""calorie"":153000,""count"":0,""floor"":0,""steps"":2835}"
20210822,"""	-0500""",5,"{""duration"":73,""altitude"":0.0,""distance"":1659,""calorie"":225876,""count"":0,""floor"":0,""steps"":2841}"
20210823,"""	-0500""",5,"{""duration"":29,""altitude"":0.0,""distance"":472,""calorie"":14826,""count"":0,""floor"":0,""steps"":785}"
20210824,"""	-0500""",4,"{""duration"":16,""altitude"":0.0,""distance"":2376,""calorie"":143000,""count"":0,""floor"":0,""steps"":2568}"
20210824,"""	-0500""",5,"{""duration"":65,""altitude"":0.0,""distance"":1822,""calorie"":174141,""count"":0,""floor"":0,""steps"":2663}"
20210825,"""	-0500""",5,"{""duration"":46,""altitude"":0.0,""distance"":579,""calorie"":11720,""count"":0,""floor"":0,""steps"":1014}"
20210826,"""	-0500""",4,"{""duration"":18,""altitude"":0.0,""distance"":2618,""calorie"":158000,""count"":0,""floor"":0,""steps"":2825}"
20210826,"""	-0500""",5,"{""duration"":63,""altitude"":0.0,""distance"":1630,""calorie"":149725,""count"":0,""floor"":0,""steps"":2617}"
20210827,"""	-0500""",5,"{""duration"":34,""altitude"":0.0,""distance"":478,""calorie"":17077,""count"":0,""floor"":0,""steps"":815}"
20210828,"""	-0500""",4,"{""duration"":13,""altitude"":0.0,""distance"":1945,""calorie"":118000,""count"":0,""floor"":0,""steps"":2153}"
20210828,"""	-0500""",5,"{""duration"":123,""altitude"":0.0,""distance"":4434,""calorie"":207469,""count"":0,""floor"":0,""steps"":6889}"
20210829,"""	-0500""",5,"{""duration"":55,""altitude"":0.0,""distance"":1065,""calorie"":37735,""count"":0,""floor"":0,""steps"":1627}"
20210830,"""	-0500""",5,"{""duration"":66,""altitude"":0.0,""distance"":2754,""calorie"":156837,""count"":0,""floor"":0,""steps"":3947}"
20210831,"""	-0500""",5,"{""duration"":17,""altitude"":0.0,""distance"":213,""calorie"":5327,""count"":0,""floor"":0,""steps"":356}"
20210901,"""	-0500""",5,"{""duration"":29,""altitude"":0.0,""distance"":381,""calorie"":9562,""count"":0,""floor"":0,""steps"":648}"
20210902,"""	-0500""",5,"{""duration"":21,""altitude"":0.0,""distance"":266,""calorie"":6825,""count"":0,""floor"":0,""steps"":430}"
20210903,"""	-0500""",4,"{""duration"":20,""altitude"":0.0,""distance"":3062,""calorie"":186000,""count"":0,""floor"":0,""steps"":3243}"
20210903,"""	-0500""",5,"{""duration"":57,""altitude"":0.0,""distance"":1729,""calorie"":175313,""count"":0,""floor"":0,""steps"":2585}"
20210904,"""	-0500""",5,"{""duration"":22,""altitude"":0.0,""distance"":247,""calorie"":6926,""count"":0,""floor"":0,""steps"":469}"
20210905,"""	-0500""",4,"{""duration"":20,""altitude"":0.0,""distance"":3007,""calorie"":179000,""count"":0,""floor"":0,""steps"":3209}"
20210905,"""	-0500""",5,"{""duration"":110,""altitude"":0.0,""distance"":3157,""calorie"":155642,""count"":0,""floor"":0,""steps"":4852}"
20210906,"""	-0500""",5,"{""duration"":13,""altitude"":0.0,""distance"":147,""calorie"":2359,""count"":0,""floor"":0,""steps"":245}"
20210907,"""	-0500""",4,"{""duration"":22,""altitude"":0.0,""distance"":3276,""calorie"":203000,""count"":0,""floor"":0,""steps"":3486}"
20210907,"""	-0500""",5,"{""duration"":71,""altitude"":0.0,""distance"":1421,""calorie"":202418,""count"":0,""floor"":0,""steps"":2447}"
20210908,"""	-0500""",5,"{""duration"":13,""altitude"":0.0,""distance"":141,""calorie"":3145,""count"":0,""floor"":0,""steps"":260}"
20210909,"""	-0500""",4,"{""duration"":17,""altitude"":0.0,""distance"":2612,""calorie"":164000,""count"":0,""floor"":0,""steps"":2801}"
20210909,"""	-0500""",5,"{""duration"":44,""altitude"":0.0,""distance"":2024,""calorie"":124755,""count"":0,""floor"":0,""steps"":2595}"
20210910,"""	-0500""",5,"{""duration"":28,""altitude"":0.0,""distance"":281,""calorie"":6627,""count"":0,""floor"":0,""steps"":480}"
20210911,"""	-0500""",5,"{""duration"":39,""altitude"":0.0,""distance"":1221,""calorie"":48615,""count"":0,""floor"":0,""steps"":1770}"
20210912,"""	-0500""",4,"{""duration"":20,""altitude"":0.0,""distance"":3018,""calorie"":185000,""count"":0,""floor"":0,""steps"":3251}"
20210912,"""	-0500""",5,"{""duration"":52,""altitude"":0.0,""distance"":1732,""calorie"":106025,""count"":0,""floor"":0,""steps"":2391}"
20210913,"""	-0500""",5,"{""duration"":10,""altitude"":0.0,""distance"":103,""calorie"":2434,""count"":0,""floor"":0,""steps"":175}"
20210914,"""	-0500""",4,"{""duration"":13,""altitude"":0.0,""distance"":2007,""calorie"":119000,""count"":0,""floor"":0,""steps"":2124}"
20210914,"""	-0500""",5,"{""duration"":44,""altitude"":0.0,""distance"":1186,""calorie"":72445,""count"":0,""floor"":0,""steps"":1663}"
20210915,"""	-0500""",5,"{""duration"":42,""altitude"":0.0,""distance"":651,""calorie"":20473,""count"":0,""floor"":0,""steps"":1068}"
20210916,"""	-0500""",4,"{""duration"":20,""altitude"":0.0,""distance"":3122,""calorie"":192000,""count"":0,""floor"":0,""steps"":3304}"
20210916,"""	-0500""",5,"{""duration"":50,""altitude"":0.0,""distance"":1427,""calorie"":175932,""count"":0,""floor"":0,""steps"":2083}"
20210917,"""	-0500""",5,"{""duration"":15,""altitude"":0.0,""distance"":211,""calorie"":4742,""count"":0,""floor"":0,""steps"":371}"
20210918,"""	-0500""",5,"{""duration"":23,""altitude"":0.0,""distance"":314,""calorie"":7202,""count"":0,""floor"":0,""steps"":524}"
20210919,"""	-0500""",4,"{""duration"":21,""altitude"":0.0,""distance"":3143,""calorie"":196000,""count"":0,""floor"":0,""steps"":3366}"
20210919,"""	-0500""",5,"{""duration"":68,""altitude"":0.0,""distance"":2495,""calorie"":132542,""count"":0,""floor"":0,""steps"":3635}"
20210920,"""	-0500""",5,"{""duration"":47,""altitude"":0.0,""distance"":887,""calorie"":23911,""count"":0,""floor"":0,""steps"":1452}"
20210921,"""	-0500""",5,"{""duration"":28,""altitude"":0.0,""distance"":324,""calorie"":9139,""count"":0,""floor"":0,""steps"":553}"
20210922,"""	-0500""",5,"{""duration"":15,""altitude"":0.0,""distance"":301,""calorie"":8346,""count"":0,""floor"":0,""steps"":445}"
20210923,"""	-0500""",5,"{""duration"":20,""altitude"":0.0,""distance"":249,""calorie"":6077,""count"":0,""floor"":0,""steps"":416}"
20210924,"""	-0500""",4,"{""duration"":19,""altitude"":0.0,""distance"":2871,""calorie"":177000,""count"":0,""floor"":0,""steps"":3057}"
20210924,"""	-0500""",5,"{""duration"":48,""altitude"":0.0,""distance"":2276,""calorie"":133530,""count"":0,""floor"":0,""steps"":3014}"
20210925,"""	-0500""",5,"{""duration"":28,""altitude"":0.0,""distance"":284,""calorie"":10426,""count"":0,""floor"":0,""steps"":487}"
20210926,"""	-0500""",5,"{""duration"":32,""altitude"":0.0,""distance"":359,""calorie"":8966,""count"":0,""floor"":0,""steps"":623}"
20210927,"""	-0500""",5,"{""duration"":26,""altitude"":0.0,""distance"":268,""calorie"":5253,""count"":0,""floor"":0,""steps"":439}"
20210928,"""	-0500""",5,"{""duration"":202,""altitude"":0.0,""distance"":11081,""calorie"":489043,""count"":0,""floor"":0,""steps"":16220}"
20210929,"""	-0500""",4,"{""duration"":19,""altitude"":0.0,""distance"":2880,""calorie"":175000,""count"":0,""floor"":0,""steps"":3062}"
20210929,"""	-0500""",5,"{""duration"":43,""altitude"":0.0,""distance"":1653,""calorie"":114984,""count"":0,""floor"":0,""steps"":2191}"
20210930,"""	-0500""",5,"{""duration"":39,""altitude"":0.0,""distance"":1482,""calorie"":68954,""count"":0,""floor"":0,""steps"":2091}"
20211001,"""	-0500""",5,"{""duration"":48,""altitude"":0.0,""distance"":1170,""calorie"":44286,""count"":0,""floor"":0,""steps"":1706}"
20211002,"""	-0500""",4,"{""duration"":21,""altitude"":0.0,""distance"":3111,""calorie"":193177,""count"":0,""floor"":0,""steps"":3388}"
20211002,"""	-0500""",5,"{""duration"":78,""altitude"":0.0,""distance"":2454,""calorie"":133521,""count"":0,""floor"":0,""steps"":3384}"
20211003,"""	-0500""",5,"{""duration"":28,""altitude"":0.0,""distance"":310,""calorie"":5371,""count"":0,""floor"":0,""steps"":524}"
20211004,"""	-0500""",5,"{""duration"":38,""altitude"":0.0,""distance"":1308,""calorie"":48758,""count"":0,""floor"":0,""steps"":1865}"
20211005,"""	-0500""",5,"{""duration"":36,""altitude"":0.0,""distance"":827,""calorie"":30046,""count"":0,""floor"":0,""steps"":1257}"
20211006,"""	-0500""",5,"{""duration"":14,""altitude"":0.0,""distance"":112,""calorie"":2407,""count"":0,""floor"":0,""steps"":191}"
20211007,"""	-0500""",5,"{""duration"":16,""altitude"":0.0,""distance"":161,""calorie"":3013,""count"":0,""floor"":0,""steps"":273}"
20211008,"""	-0500""",5,"{""duration"":24,""altitude"":0.0,""distance"":476,""calorie"":15061,""count"":0,""floor"":0,""steps"":722}"
20211009,"""	-0500""",5,"{""duration"":32,""altitude"":0.0,""distance"":707,""calorie"":24112,""count"":0,""floor"":0,""steps"":1051}"
20211010,"""	-0500""",4,"{""duration"":15,""altitude"":0.0,""distance"":2185,""calorie"":130000,""count"":0,""floor"":0,""steps"":2343}"
20211010,"""	-0500""",5,"{""duration"":80,""altitude"":0.0,""distance"":2201,""calorie"":213010,""count"":0,""floor"":0,""steps"":3408}"
20211011,"""	-0500""",5,"{""duration"":25,""altitude"":0.0,""distance"":277,""calorie"":6632,""count"":0,""floor"":0,""steps"":500}"
20211012,"""	-0500""",5,"{""duration"":63,""altitude"":0.0,""distance"":1284,""calorie"":41174,""count"":0,""floor"":0,""steps"":1964}"
20211013,"""	-0500""",5,"{""duration"":44,""altitude"":0.0,""distance"":1188,""calorie"":44475,""count"":0,""floor"":0,""steps"":1748}"
20211014,"""	-0500""",5,"{""duration"":164,""altitude"":0.0,""distance"":6697,""calorie"":290777,""count"":0,""floor"":0,""steps"":9882}"
20211015,"""	-0500""",5,"{""duration"":39,""altitude"":0.0,""distance"":406,""calorie"":12381,""count"":0,""floor"":0,""steps"":693}"
20211016,"""	-0500""",5,"{""duration"":161,""altitude"":0.0,""distance"":5530,""calorie"":219075,""count"":0,""floor"":0,""steps"":8540}"
20211017,"""	-0500""",5,"{""duration"":112,""altitude"":0.0,""distance"":3155,""calorie"":123488,""count"":0,""floor"":0,""steps"":5489}"
20211018,"""	-0500""",4,"{""duration"":20,""altitude"":0.0,""distance"":2977,""calorie"":195352,""count"":0,""floor"":0,""steps"":3209}"
20211018,"""	-0500""",5,"{""duration"":127,""altitude"":0.0,""distance"":4970,""calorie"":346805,""count"":0,""floor"":0,""steps"":7014}"
20211019,"""	-0500""",5,"{""duration"":18,""altitude"":0.0,""distance"":229,""calorie"":4400,""count"":0,""floor"":0,""steps"":384}"
20211020,"""	-0500""",5,"{""duration"":27,""altitude"":0.0,""distance"":343,""calorie"":10509,""count"":0,""floor"":0,""steps"":563}"
20211021,"""	-0500""",4,"{""duration"":22,""altitude"":0.0,""distance"":3096,""calorie"":209000,""count"":0,""floor"":0,""steps"":3353}"
20211021,"""	-0500""",5,"{""duration"":50,""altitude"":0.0,""distance"":1638,""calorie"":99803,""count"":0,""floor"":0,""steps"":2201}"
20211022,"""	-0500""",5,"{""duration"":38,""altitude"":0.0,""distance"":534,""calorie"":23145,""count"":0,""floor"":0,""steps"":840}"
20211023,"""	-0500""",5,"{""duration"":99,""altitude"":0.0,""distance"":5277,""calorie"":236524,""count"":0,""floor"":0,""steps"":7249}"
20211024,"""	-0500""",5,"{""duration"":82,""altitude"":0.0,""distance"":2263,""calorie"":83285,""count"":0,""floor"":0,""steps"":3433}"
20211025,"""	-0500""",5,"{""duration"":39,""altitude"":0.0,""distance"":665,""calorie"":17044,""count"":0,""floor"":0,""steps"":1059}"
20211026,"""	-0500""",5,"{""duration"":14,""altitude"":0.0,""distance"":80,""calorie"":1652,""count"":0,""floor"":0,""steps"":137}"
20211027,"""	-0500""",5,"{""duration"":13,""altitude"":0.0,""distance"":187,""calorie"":4666,""count"":0,""floor"":0,""steps"":299}"
20211028,"""	-0500""",5,"{""duration"":120,""altitude"":0.0,""distance"":6519,""calorie"":290994,""count"":0,""floor"":0,""steps"":9066}"
20211029,"""	-0500""",4,"{""duration"":21,""altitude"":0.0,""distance"":3068,""calorie"":199000,""count"":0,""floor"":0,""steps"":3322}"
20211029,"""	-0500""",5,"{""duration"":67,""altitude"":0.0,""distance"":2668,""calorie"":211508,""count"":0,""floor"":0,""steps"":3810}"
20211030,"""	-0500""",5,"{""duration"":46,""altitude"":0.0,""distance"":692,""calorie"":17700,""count"":0,""floor"":0,""steps"":1115}"
20211031,"""	-0600""",4,"{""duration"":19,""altitude"":0.0,""distance"":2736,""calorie"":173283,""count"":0,""floor"":0,""steps"":2989}"
20211031,"""	-0600""",5,"{""duration"":64,""altitude"":0.0,""distance"":1053,""calorie"":178683,""count"":0,""floor"":0,""steps"":1920}"
20211101,"""	-0600""",4,"{""duration"":3,""altitude"":0.0,""distance"":369,""calorie"":19983,""count"":0,""floor"":0,""steps"":455}"
20211101,"""	-0600""",5,"{""duration"":107,""altitude"":0.0,""distance"":4629,""calorie"":200566,""count"":0,""floor"":0,""steps"":6567}"
20211102,"""	-0600""",5,"{""duration"":93,""altitude"":0.0,""distance"":3103,""calorie"":128109,""count"":0,""floor"":0,""steps"":4448}"
20211103,"""	-0600""",5,"{""duration"":16,""altitude"":0.0,""distance"":194,""calorie"":3593,""count"":0,""floor"":0,""steps"":343}"
20211104,"""	-0600""",5,"{""duration"":42,""altitude"":0.0,""distance"":461,""calorie"":11048,""count"":0,""floor"":0,""steps"":767}"
20211105,"""	-0600""",5,"{""duration"":136,""altitude"":0.0,""distance"":4140,""calorie"":168312,""count"":0,""floor"":0,""steps"":6378}"
20211106,"""	-0600""",4,"{""duration"":3,""altitude"":0.0,""distance"":260,""calorie"":13841,""count"":0,""floor"":0,""steps"":334}"
20211106,"""	-0600""",5,"{""duration"":114,""altitude"":0.0,""distance"":4108,""calorie"":144889,""count"":0,""floor"":0,""steps"":6030}"
20211107,"""	-0600""",5,"{""duration"":12,""altitude"":0.0,""distance"":108,""calorie"":2534,""count"":0,""floor"":0,""steps"":193}"
20211108,"""	-0600""",4,"{""duration"":23,""altitude"":0.0,""distance"":3313,""calorie"":198000,""count"":0,""floor"":0,""steps"":3565}"
20211108,"""	-0600""",5,"{""duration"":43,""altitude"":0.0,""distance"":1509,""calorie"":84580,""count"":0,""floor"":0,""steps"":2126}"
20211109,"""	-0600""",5,"{""duration"":67,""altitude"":0.0,""distance"":1983,""calorie"":74395,""count"":0,""floor"":0,""steps"":3046}"
20211110,"""	-0600""",5,"{""duration"":18,""altitude"":0.0,""distance"":209,""calorie"":5981,""count"":0,""floor"":0,""steps"":356}"
20211111,"""	-0600""",5,"{""duration"":26,""altitude"":0.0,""distance"":210,""calorie"":6352,""count"":0,""floor"":0,""steps"":376}"
20211112,"""	-0600""",4,"{""duration"":8,""altitude"":0.0,""distance"":1141,""calorie"":67691,""count"":0,""floor"":0,""steps"":1266}"
20211112,"""	-0600""",5,"{""duration"":127,""altitude"":0.0,""distance"":7163,""calorie"":327654,""count"":0,""floor"":0,""steps"":9409}"
20211201,"""	-0600""",4,"{""duration"":1,""altitude"":0.0,""distance"":39,""calorie"":4413,""count"":0,""floor"":0,""steps"":44}"
20211201,"""	-0600""",5,"{""duration"":37,""altitude"":0.0,""distance"":647,""calorie"":21509,""count"":0,""floor"":0,""steps"":950}"
20211202,"""	-0600""",4,"{""duration"":15,""altitude"":0.0,""distance"":2033,""calorie"":123000,""count"":0,""floor"":0,""steps"":2326}"
20211202,"""	-0600""",5,"{""duration"":67,""altitude"":0.0,""distance"":1614,""calorie"":93184,""count"":0,""floor"":0,""steps"":2303}"
20211203,"""	-0600""",4,"{""duration"":17,""altitude"":0.0,""distance"":2315,""calorie"":150000,""count"":0,""floor"":0,""steps"":2638}"
20211203,"""	-0600""",5,"{""duration"":72,""altitude"":0.0,""distance"":1461,""calorie"":169915,""count"":0,""floor"":0,""steps"":2879}"
20211204,"""	-0600""",5,"{""duration"":78,""altitude"":0.0,""distance"":2719,""calorie"":110936,""count"":0,""floor"":0,""steps"":3915}"
20211205,"""	-0600""",5,"{""duration"":88,""altitude"":0.0,""distance"":3312,""calorie"":140245,""count"":0,""floor"":0,""steps"":5002}"
20211206,"""	-0600""",5,"{""duration"":19,""altitude"":0.0,""distance"":189,""calorie"":3942,""count"":0,""floor"":0,""steps"":324}"
20211207,"""	-0600""",4,"{""duration"":17,""altitude"":0.0,""distance"":2372,""calorie"":146000,""count"":0,""floor"":0,""steps"":2654}"
20211207,"""	-0600""",5,"{""duration"":47,""altitude"":0.0,""distance"":1165,""calorie"":62716,""count"":0,""floor"":0,""steps"":1668}"
20211208,"""	-0600""",5,"{""duration"":18,""altitude"":0.0,""distance"":238,""calorie"":7071,""count"":0,""floor"":0,""steps"":382}"
20211209,"""	-0600""",5,"{""duration"":22,""altitude"":0.0,""distance"":159,""calorie"":3681,""count"":0,""floor"":0,""steps"":299}"
20211210,"""	-0600""",4,"{""duration"":1,""altitude"":0.0,""distance"":60,""calorie"":2566,""count"":0,""floor"":0,""steps"":74}"
20211210,"""	-0600""",5,"{""duration"":46,""altitude"":0.0,""distance"":1270,""calorie"":46745,""count"":0,""floor"":0,""steps"":1807}"
20211211,"""	-0600""",4,"{""duration"":16,""altitude"":0.0,""distance"":2307,""calorie"":150000,""count"":0,""floor"":0,""steps"":2576}"
20211211,"""	-0600""",5,"{""duration"":70,""altitude"":0.0,""distance"":2868,""calorie"":153649,""count"":0,""floor"":0,""steps"":3923}"
20211212,"""	-0600""",5,"{""duration"":41,""altitude"":0.0,""distance"":501,""calorie"":10001,""count"":0,""floor"":0,""steps"":857}"
20211213,"""	-0600""",5,"{""duration"":46,""altitude"":0.0,""distance"":1241,""calorie"":48580,""count"":0,""floor"":0,""steps"":1875}"
20211214,"""	-0600""",5,"{""duration"":107,""altitude"":0.0,""distance"":3949,""calorie"":162690,""count"":0,""floor"":0,""steps"":5618}"
20211215,"""	-0600""",5,"{""duration"":137,""altitude"":0.0,""distance"":4623,""calorie"":190691,""count"":0,""floor"":0,""steps"":7002}"
20211216,"""	-0600""",4,"{""duration"":1,""altitude"":0.0,""distance"":95,""calorie"":4224,""count"":0,""floor"":0,""steps"":120}"
20211216,"""	-0600""",5,"{""duration"":172,""altitude"":0.0,""distance"":5072,""calorie"":219555,""count"":0,""floor"":0,""steps"":6983}"
20211217,"""	-0600""",5,"{""duration"":131,""altitude"":0.0,""distance"":4545,""calorie"":184693,""count"":0,""floor"":0,""steps"":6655}"
20211218,"""	-0600""",5,"{""duration"":85,""altitude"":0.0,""distance"":3101,""calorie"":137393,""count"":0,""floor"":0,""steps"":4546}"
20211221,"""	-0600""",5,"{""duration"":9,""altitude"":0.0,""distance"":78,""calorie"":1444,""count"":0,""floor"":0,""steps"":133}"
20211222,"""	-0600""",5,"{""duration"":310,""altitude"":0.0,""distance"":9071,""calorie"":384949,""count"":0,""floor"":0,""steps"":15457}"
20211223,"""	-0600""",4,"{""duration"":2,""altitude"":0.0,""distance"":233,""calorie"":13734,""count"":0,""floor"":0,""steps"":294}"
20211223,"""	-0600""",5,"{""duration"":92,""altitude"":0.0,""distance"":2266,""calorie"":93719,""count"":0,""floor"":0,""steps"":3513}"
20211224,"""	-0600""",5,"{""duration"":126,""altitude"":0.0,""distance"":2143,""calorie"":70172,""count"":0,""floor"":0,""steps"":3630}"
20211225,"""	-0600""",5,"{""duration"":133,""altitude"":0.0,""distance"":2258,""calorie"":73443,""count"":0,""floor"":0,""steps"":3936}"
20211226,"""	-0600""",5,"{""duration"":20,""altitude"":0.0,""distance"":288,""calorie"":8530,""count"":0,""floor"":0,""steps"":503}"
20211227,"""	-0600""",5,"{""duration"":97,""altitude"":0.0,""distance"":1645,""calorie"":62597,""count"":0,""floor"":0,""steps"":2810}"
20211228,"""	-0600""",5,"{""duration"":88,""altitude"":0.0,""distance"":1823,""calorie"":65722,""count"":0,""floor"":0,""steps"":3446}"
20211229,"""	-0600""",5,"{""duration"":163,""altitude"":0.0,""distance"":6093,""calorie"":256041,""count"":0,""floor"":0,""steps"":9882}"
20211230,"""	-0600""",5,"{""duration"":110,""altitude"":0.0,""distance"":2496,""calorie"":93716,""count"":0,""floor"":0,""steps"":4296}"
20211231,"""	-0600""",5,"{""duration"":99,""altitude"":0.0,""distance"":2174,""calorie"":85256,""count"":0,""floor"":0,""steps"":3411}"
20220101,"""	-0600""",5,"{""duration"":153,""altitude"":0.0,""distance"":0,""calorie"":0,""count"":0,""floor"":0,""steps"":0}"
20220102,"""	-0600""",4,"{""duration"":16,""altitude"":0.0,""distance"":2308,""calorie"":140000,""count"":0,""floor"":0,""steps"":2477}"
20220102,"""	-0600""",5,"{""duration"":124,""altitude"":0.0,""distance"":2907,""calorie"":192260,""count"":0,""floor"":0,""steps"":4353}"
20220103,"""	-0600""",5,"{""duration"":20,""altitude"":0.0,""distance"":182,""calorie"":7818,""count"":0,""floor"":0,""steps"":310}"
20220104,"""	-0600""",5,"{""duration"":60,""altitude"":0.0,""distance"":803,""calorie"":20695,""count"":0,""floor"":0,""steps"":1316}"
20220105,"""	-0600""",5,"{""duration"":282,""altitude"":0.0,""distance"":9216,""calorie"":385292,""count"":0,""floor"":0,""steps"":14934}"
20220106,"""	-0600""",5,"{""duration"":43,""altitude"":0.0,""distance"":987,""calorie"":39762,""count"":0,""floor"":0,""steps"":1454}"
20220107,"""	-0600""",5,"{""duration"":41,""altitude"":0.0,""distance"":914,""calorie"":35332,""count"":0,""floor"":0,""steps"":1363}"
20220108,"""	-0600""",4,"{""duration"":3,""altitude"":0.0,""distance"":0,""calorie"":0,""count"":0,""floor"":0,""steps"":0}"
20220108,"""	-0600""",5,"{""duration"":126,""altitude"":0.0,""distance"":815,""calorie"":22581,""count"":0,""floor"":0,""steps"":1433}"
20220109,"""	-0600""",5,"{""duration"":100,""altitude"":0.0,""distance"":3303,""calorie"":141326,""count"":0,""floor"":0,""steps"":4622}"
20220110,"""	-0600""",5,"{""duration"":93,""altitude"":0.0,""distance"":2290,""calorie"":86597,""count"":0,""floor"":0,""steps"":3786}"
20220111,"""	-0600""",5,"{""duration"":86,""altitude"":0.0,""distance"":2433,""calorie"":95933,""count"":0,""floor"":0,""steps"":3559}"
20220112,"""	-0600""",4,"{""duration"":15,""altitude"":0.0,""distance"":2224,""calorie"":139000,""count"":0,""floor"":0,""steps"":2383}"
20220112,"""	-0600""",5,"{""duration"":106,""altitude"":0.0,""distance"":2417,""calorie"":115677,""count"":0,""floor"":0,""steps"":3593}"
20220113,"""	-0600""",5,"{""duration"":17,""altitude"":0.0,""distance"":186,""calorie"":4416,""count"":0,""floor"":0,""steps"":324}"
20220114,"""	-0600""",4,"{""duration"":15,""altitude"":0.0,""distance"":2271,""calorie"":133000,""count"":0,""floor"":0,""steps"":2438}"
20220114,"""	-0600""",5,"{""duration"":65,""altitude"":0.0,""distance"":1950,""calorie"":102576,""count"":0,""floor"":0,""steps"":2834}"
20220115,"""	-0600""",5,"{""duration"":5,""altitude"":0.0,""distance"":47,""calorie"":615,""count"":0,""floor"":0,""steps"":79}"
20220116,"""	-0600""",5,"{""duration"":28,""altitude"":0.0,""distance"":233,""calorie"":5357,""count"":0,""floor"":0,""steps"":412}"
20220117,"""	-0600""",4,"{""duration"":23,""altitude"":0.0,""distance"":3254,""calorie"":195000,""count"":0,""floor"":0,""steps"":3575}"
20220117,"""	-0600""",5,"{""duration"":68,""altitude"":0.0,""distance"":2144,""calorie"":116564,""count"":0,""floor"":0,""steps"":3109}"
20220118,"""	-0600""",5,"{""duration"":6,""altitude"":0.0,""distance"":110,""calorie"":3555,""count"":0,""floor"":0,""steps"":186}"
20220119,"""	-0600""",4,"{""duration"":17,""altitude"":0.0,""distance"":0,""calorie"":0,""count"":0,""floor"":0,""steps"":0}"
20220119,"""	-0600""",5,"{""duration"":77,""altitude"":0.0,""distance"":68,""calorie"":1975,""count"":0,""floor"":0,""steps"":127}"
20220120,"""	-0600""",5,"{""duration"":93,""altitude"":0.0,""distance"":0,""calorie"":0,""count"":0,""floor"":0,""steps"":0}"
20220121,"""	-0600""",5,"{""duration"":11,""altitude"":0.0,""distance"":0,""calorie"":0,""count"":0,""floor"":0,""steps"":0}"
20220122,"""	-0600""",4,"{""duration"":23,""altitude"":0.0,""distance"":0,""calorie"":0,""count"":0,""floor"":0,""steps"":0}"
20220122,"""	-0600""",5,"{""duration"":60,""altitude"":0.0,""distance"":0,""calorie"":0,""count"":0,""floor"":0,""steps"":0}"
20220123,"""	-0600""",5,"{""duration"":31,""altitude"":0.0,""distance"":0,""calorie"":0,""count"":0,""floor"":0,""steps"":0}"
20220124,"""	-0600""",5,"{""duration"":113,""altitude"":0.0,""distance"":4469,""calorie"":202821,""count"":0,""floor"":0,""steps"":6508}"
20220125,"""	-0600""",4,"{""duration"":1,""altitude"":0.0,""distance"":111,""calorie"":6802,""count"":0,""floor"":0,""steps"":149}"
20220125,"""	-0600""",5,"{""duration"":120,""altitude"":0.0,""distance"":4110,""calorie"":494329,""count"":0,""floor"":0,""steps"":7195}"
20220126,"""	-0600""",5,"{""duration"":164,""altitude"":0.0,""distance"":2280,""calorie"":607473,""count"":0,""floor"":0,""steps"":6342}"
20220127,"""	-0600""",4,"{""duration"":11,""altitude"":0.0,""distance"":0,""calorie"":102000,""count"":0,""floor"":0,""steps"":1833}"
20220127,"""	-0600""",5,"{""duration"":143,""altitude"":0.0,""distance"":2522,""calorie"":602687,""count"":0,""floor"":0,""steps"":8197}"
20220128,"""	-0600""",5,"{""duration"":139,""altitude"":0.0,""distance"":5586,""calorie"":236531,""count"":0,""floor"":0,""steps"":7991}"
20220129,"""	-0600""",5,"{""duration"":102,""altitude"":0.0,""distance"":3388,""calorie"":164325,""count"":0,""floor"":0,""steps"":4977}"
20220130,"""	-0600""",5,"{""duration"":55,""altitude"":0.0,""distance"":792,""calorie"":23480,""count"":0,""floor"":0,""steps"":1370}"
20220131,"""	-0600""",4,"{""duration"":13,""altitude"":0.0,""distance"":2014,""calorie"":110000,""count"":0,""floor"":0,""steps"":2183}"
20220131,"""	-0600""",5,"{""duration"":107,""altitude"":0.0,""distance"":3574,""calorie"":493565,""count"":0,""floor"":0,""steps"":7244}"
20220201,"""	-0600""",4,"{""duration"":8,""altitude"":0.0,""distance"":1085,""calorie"":67154,""count"":0,""floor"":0,""steps"":1274}"
20220201,"""	-0600""",5,"{""duration"":125,""altitude"":0.0,""distance"":3516,""calorie"":449376,""count"":0,""floor"":0,""steps"":7359}"
20220202,"""	-0600""",4,"{""duration"":6,""altitude"":0.0,""distance"":0,""calorie"":25000,""count"":0,""floor"":0,""steps"":845}"
20220202,"""	-0600""",5,"{""duration"":108,""altitude"":0.0,""distance"":1595,""calorie"":389007,""count"":0,""floor"":0,""steps"":6274}"
20220203,"""	-0600""",4,"{""duration"":12,""altitude"":0.0,""distance"":1824,""calorie"":107000,""count"":0,""floor"":0,""steps"":2004}"
20220203,"""	-0600""",5,"{""duration"":94,""altitude"":0.0,""distance"":1522,""calorie"":318742,""count"":0,""floor"":0,""steps"":4227}"
20220204,"""	-0600""",4,"{""duration"":17,""altitude"":0.0,""distance"":2993,""calorie"":144257,""count"":0,""floor"":0,""steps"":2853}"
20220204,"""	-0600""",5,"{""duration"":103,""altitude"":0.0,""distance"":3638,""calorie"":430633,""count"":0,""floor"":0,""steps"":7438}"
20220205,"""	-0600""",5,"{""duration"":21,""altitude"":0.0,""distance"":251,""calorie"":7224,""count"":0,""floor"":0,""steps"":422}"
20220206,"""	-0600""",5,"{""duration"":36,""altitude"":0.0,""distance"":521,""calorie"":20475,""count"":0,""floor"":0,""steps"":799}"
20220207,"""	-0600""",4,"{""duration"":6,""altitude"":0.0,""distance"":1009,""calorie"":62879,""count"":0,""floor"":0,""steps"":970}"
20220207,"""	-0600""",5,"{""duration"":33,""altitude"":0.0,""distance"":515,""calorie"":19276,""count"":0,""floor"":0,""steps"":784}"
20220208,"""	-0600""",4,"{""duration"":14,""altitude"":0.0,""distance"":2552,""calorie"":124000,""count"":0,""floor"":0,""steps"":2426}"
20220208,"""	-0600""",5,"{""duration"":105,""altitude"":0.0,""distance"":3483,""calorie"":478065,""count"":0,""floor"":0,""steps"":8055}"
20220209,"""	-0600""",4,"{""duration"":19,""altitude"":0.0,""distance"":3402,""calorie"":153917,""count"":0,""floor"":0,""steps"":3215}"
20220209,"""	-0600""",5,"{""duration"":120,""altitude"":0.0,""distance"":3945,""calorie"":514946,""count"":0,""floor"":0,""steps"":8359}"
20220210,"""	-0600""",5,"{""duration"":125,""altitude"":0.0,""distance"":2902,""calorie"":472586,""count"":0,""floor"":0,""steps"":7081}"
20220211,"""	-0600""",4,"{""duration"":23,""altitude"":0.0,""distance"":4271,""calorie"":198000,""count"":0,""floor"":0,""steps"":3907}"
20220211,"""	-0600""",5,"{""duration"":127,""altitude"":0.0,""distance"":4178,""calorie"":446710,""count"":0,""floor"":0,""steps"":8160}"
20220212,"""	-0600""",5,"{""duration"":10,""altitude"":0.0,""distance"":91,""calorie"":3926,""count"":0,""floor"":0,""steps"":167}"
20220213,"""	-0600""",5,"{""duration"":21,""altitude"":0.0,""distance"":292,""calorie"":9425,""count"":0,""floor"":0,""steps"":502}"
20220214,"""	-0600""",5,"{""duration"":217,""altitude"":0.0,""distance"":11472,""calorie"":513399,""count"":0,""floor"":0,""steps"":16529}"
20220215,"""	-0600""",4,"{""duration"":15,""altitude"":0.0,""distance"":2867,""calorie"":137000,""count"":0,""floor"":0,""steps"":2601}"
20220215,"""	-0600""",5,"{""duration"":82,""altitude"":0.0,""distance"":1428,""calorie"":367710,""count"":0,""floor"":0,""steps"":3270}"
20220216,"""	-0600""",4,"{""duration"":16,""altitude"":0.0,""distance"":2934,""calorie"":139000,""count"":0,""floor"":0,""steps"":2679}"
20220216,"""	-0600""",5,"{""duration"":121,""altitude"":0.0,""distance"":4430,""calorie"":496158,""count"":0,""floor"":0,""steps"":8928}"
20220217,"""	-0600""",5,"{""duration"":16,""altitude"":0.0,""distance"":192,""calorie"":3615,""count"":0,""floor"":0,""steps"":330}"
20220218,"""	-0600""",4,"{""duration"":15,""altitude"":0.0,""distance"":2798,""calorie"":134000,""count"":0,""floor"":0,""steps"":2539}"
20220218,"""	-0600""",5,"{""duration"":112,""altitude"":0.0,""distance"":2401,""calorie"":464984,""count"":0,""floor"":0,""steps"":5736}"
20220219,"""	-0600""",5,"{""duration"":146,""altitude"":0.0,""distance"":6056,""calorie"":266691,""count"":0,""floor"":0,""steps"":9132}"
20220221,"""	-0600""",4,"{""duration"":14,""altitude"":0.0,""distance"":2676,""calorie"":120000,""count"":0,""floor"":0,""steps"":2424}"
20220221,"""	-0600""",5,"{""duration"":123,""altitude"":0.0,""distance"":4415,""calorie"":474392,""count"":0,""floor"":0,""steps"":7284}"
20220222,"""	-0600""",5,"{""duration"":108,""altitude"":0.0,""distance"":1942,""calorie"":502036,""count"":0,""floor"":0,""steps"":5699}"
20220223,"""	-0600""",5,"{""duration"":121,""altitude"":0.0,""distance"":3186,""calorie"":506145,""count"":0,""floor"":0,""steps"":6557}"
20220224,"""	-0600""",5,"{""duration"":21,""altitude"":0.0,""distance"":260,""calorie"":9399,""count"":0,""floor"":0,""steps"":433}"
20220225,"""	-0600""",4,"{""duration"":18,""altitude"":0.0,""distance"":3209,""calorie"":132000,""count"":0,""floor"":0,""steps"":2901}"
20220225,"""	-0600""",5,"{""duration"":118,""altitude"":0.0,""distance"":2220,""calorie"":499491,""count"":0,""floor"":0,""steps"":5271}"
20220226,"""	-0600""",5,"{""duration"":35,""altitude"":0.0,""distance"":389,""calorie"":14138,""count"":0,""floor"":0,""steps"":628}"
20220227,"""	-0600""",4,"{""duration"":7,""altitude"":0.0,""distance"":1367,""calorie"":63000,""count"":0,""floor"":0,""steps"":1239}"
20220227,"""	-0600""",5,"{""duration"":185,""altitude"":0.0,""distance"":4528,""calorie"":508332,""count"":0,""floor"":0,""steps"":9291}"
20220228,"""	-0600""",4,"{""duration"":1,""altitude"":0.0,""distance"":103,""calorie"":5082,""count"":0,""floor"":0,""steps"":94}"
20220228,"""	-0600""",5,"{""duration"":144,""altitude"":0.0,""distance"":6567,""calorie"":321301,""count"":0,""floor"":0,""steps"":9248}"
20220301,"""	-0600""",5,"{""duration"":159,""altitude"":0.0,""distance"":9465,""calorie"":439080,""count"":0,""floor"":0,""steps"":12294}"
20220302,"""	-0600""",5,"{""duration"":143,""altitude"":0.0,""distance"":7517,""calorie"":338021,""count"":0,""floor"":0,""steps"":10824}"
20220303,"""	-0600""",5,"{""duration"":170,""altitude"":0.0,""distance"":10507,""calorie"":481504,""count"":0,""floor"":0,""steps"":14051}"
20220304,"""	-0600""",4,"{""duration"":12,""altitude"":0.0,""distance"":2258,""calorie"":99000,""count"":0,""floor"":0,""steps"":2034}"
20220304,"""	-0600""",5,"{""duration"":160,""altitude"":0.0,""distance"":4988,""calorie"":570941,""count"":0,""floor"":0,""steps"":9767}"
20220305,"""	-0600""",4,"{""duration"":24,""altitude"":0.0,""distance"":3902,""calorie"":217000,""count"":0,""floor"":0,""steps"":3778}"
20220305,"""	-0600""",5,"{""duration"":24,""altitude"":0.0,""distance"":791,""calorie"":37916,""count"":0,""floor"":0,""steps"":1046}"
20220306,"""	-0600""",4,"{""duration"":12,""altitude"":0.0,""distance"":2161,""calorie"":108000,""count"":0,""floor"":0,""steps"":2077}"
20220306,"""	-0600""",5,"{""duration"":150,""altitude"":0.0,""distance"":4693,""calorie"":472018,""count"":0,""floor"":0,""steps"":8971}"
20220307,"""	-0600""",4,"{""duration"":12,""altitude"":0.0,""distance"":2138,""calorie"":106000,""count"":0,""floor"":0,""steps"":2057}"
20220307,"""	-0600""",5,"{""duration"":170,""altitude"":0.0,""distance"":4289,""calorie"":596031,""count"":0,""floor"":0,""steps"":9641}"
20220308,"""	-0600""",4,"{""duration"":29,""altitude"":0.0,""distance"":4752,""calorie"":260000,""count"":0,""floor"":0,""steps"":4548}"
20220308,"""	-0600""",5,"{""duration"":144,""altitude"":0.0,""distance"":7705,""calorie"":387465,""count"":0,""floor"":0,""steps"":10537}"
20220309,"""	-0600""",5,"{""duration"":108,""altitude"":0.0,""distance"":3727,""calorie"":207151,""count"":0,""floor"":0,""steps"":5517}"
20220310,"""	-0600""",4,"{""duration"":3,""altitude"":0.0,""distance"":458,""calorie"":28454,""count"":0,""floor"":0,""steps"":444}"
20220310,"""	-0600""",5,"{""duration"":188,""altitude"":0.0,""distance"":8880,""calorie"":418509,""count"":0,""floor"":0,""steps"":12550}"
20220311,"""	-0600""",4,"{""duration"":7,""altitude"":0.0,""distance"":1283,""calorie"":55000,""count"":0,""floor"":0,""steps"":1222}"
20220311,"""	-0600""",5,"{""duration"":214,""altitude"":0.0,""distance"":8202,""calorie"":802970,""count"":0,""floor"":0,""steps"":14636}"
20220312,"""	-0600""",4,"{""duration"":23,""altitude"":0.0,""distance"":3818,""calorie"":215000,""count"":0,""floor"":0,""steps"":3671}"
20220312,"""	-0600""",5,"{""duration"":29,""altitude"":0.0,""distance"":1051,""calorie"":66551,""count"":0,""floor"":0,""steps"":1393}"
20220313,"""	-0500""",5,"{""duration"":173,""altitude"":0.0,""distance"":4087,""calorie"":609377,""count"":0,""floor"":0,""steps"":9266}"
20220314,"""	-0600""",4,"{""duration"":7,""altitude"":0.0,""distance"":1265,""calorie"":61000,""count"":0,""floor"":0,""steps"":1210}"
20220314,"""	-0600""",5,"{""duration"":259,""altitude"":0.0,""distance"":9521,""calorie"":882099,""count"":0,""floor"":0,""steps"":16562}"
20220315,"""	-0600""",5,"{""duration"":83,""altitude"":0.0,""distance"":4246,""calorie"":192073,""count"":0,""floor"":0,""steps"":5714}"
20220316,"""	-0600""",4,"{""duration"":32,""altitude"":0.0,""distance"":5437,""calorie"":304130,""count"":0,""floor"":0,""steps"":5214}"
20220316,"""	-0600""",5,"{""duration"":105,""altitude"":0.0,""distance"":4279,""calorie"":234945,""count"":0,""floor"":0,""steps"":6213}"
20220317,"""	-0600""",5,"{""duration"":174,""altitude"":0.0,""distance"":9243,""calorie"":435209,""count"":0,""floor"":0,""steps"":12645}"
20220318,"""	-0600""",5,"{""duration"":200,""altitude"":0.0,""distance"":7051,""calorie"":573153,""count"":0,""floor"":0,""steps"":12553}"
20220320,"""	-0600""",5,"{""duration"":138,""altitude"":0.0,""distance"":3810,""calorie"":458829,""count"":0,""floor"":0,""steps"":8090}"
20220321,"""	-0600""",4,"{""duration"":10,""altitude"":0.0,""distance"":1876,""calorie"":86000,""count"":0,""floor"":0,""steps"":1790}"
20220321,"""	-0600""",5,"{""duration"":187,""altitude"":0.0,""distance"":5618,""calorie"":686438,""count"":0,""floor"":0,""steps"":11377}"
20220322,"""	-0600""",5,"{""duration"":117,""altitude"":0.0,""distance"":6476,""calorie"":286347,""count"":0,""floor"":0,""steps"":8859}"
20220323,"""	-0600""",5,"{""duration"":115,""altitude"":0.0,""distance"":4413,""calorie"":208445,""count"":0,""floor"":0,""steps"":6642}"
20220324,"""	-0600""",5,"{""duration"":122,""altitude"":0.0,""distance"":7770,""calorie"":360534,""count"":0,""floor"":0,""steps"":10335}"
20220325,"""	-0600""",4,"{""duration"":11,""altitude"":0.0,""distance"":1826,""calorie"":104000,""count"":0,""floor"":0,""steps"":1957}"
20220325,"""	-0600""",5,"{""duration"":168,""altitude"":0.0,""distance"":6262,""calorie"":597624,""count"":0,""floor"":0,""steps"":11649}"
20220326,"""	-0600""",4,"{""duration"":28,""altitude"":0.0,""distance"":0,""calorie"":0,""count"":0,""floor"":0,""steps"":0}"
20220326,"""	-0600""",5,"{""duration"":53,""altitude"":0.0,""distance"":0,""calorie"":0,""count"":0,""floor"":0,""steps"":0}"
20220327,"""	-0600""",5,"{""duration"":136,""altitude"":0.0,""distance"":4427,""calorie"":514329,""count"":0,""floor"":0,""steps"":8052}"
20220328,"""	-0600""",5,"{""duration"":168,""altitude"":0.0,""distance"":6394,""calorie"":628826,""count"":0,""floor"":0,""steps"":11674}"
20220329,"""	-0600""",5,"{""duration"":88,""altitude"":0.0,""distance"":3056,""calorie"":138622,""count"":0,""floor"":0,""steps"":4388}"
20220330,"""	-0600""",5,"{""duration"":129,""altitude"":0.0,""distance"":5118,""calorie"":241640,""count"":0,""floor"":0,""steps"":7698}"
20220331,"""	-0600""",4,"{""duration"":1,""altitude"":0.0,""distance"":68,""calorie"":3021,""count"":0,""floor"":0,""steps"":85}"
20220331,"""	-0600""",5,"{""duration"":152,""altitude"":0.0,""distance"":7988,""calorie"":387358,""count"":0,""floor"":0,""steps"":11007}"
20220401,"""	-0600""",5,"{""duration"":219,""altitude"":0.0,""distance"":7710,""calorie"":814254,""count"":0,""floor"":0,""steps"":14262}"
20220402,"""	-0600""",4,"{""duration"":3,""altitude"":0.0,""distance"":498,""calorie"":16000,""count"":0,""floor"":0,""steps"":472}"
20220402,"""	-0600""",5,"{""duration"":148,""altitude"":0.0,""distance"":1847,""calorie"":470955,""count"":0,""floor"":0,""steps"":5317}"
20220403,"""	-0500""",4,"{""duration"":13,""altitude"":0.0,""distance"":2481,""calorie"":119000,""count"":0,""floor"":0,""steps"":2237}"
20220403,"""	-0500""",5,"{""duration"":81,""altitude"":0.0,""distance"":3593,""calorie"":352333,""count"":0,""floor"":0,""steps"":6996}"
20220404,"""	-0500""",4,"{""duration"":6,""altitude"":0.0,""distance"":590,""calorie"":30763,""count"":0,""floor"":0,""steps"":711}"
20220404,"""	-0500""",5,"{""duration"":190,""altitude"":0.0,""distance"":9393,""calorie"":462398,""count"":0,""floor"":0,""steps"":12435}"
20220405,"""	-0500""",5,"{""duration"":165,""altitude"":0.0,""distance"":7179,""calorie"":335385,""count"":0,""floor"":0,""steps"":10180}"
20220406,"""	-0500""",5,"{""duration"":135,""altitude"":0.0,""distance"":6239,""calorie"":279267,""count"":0,""floor"":0,""steps"":8899}"
20220407,"""	-0500""",5,"{""duration"":119,""altitude"":0.0,""distance"":4231,""calorie"":209090,""count"":0,""floor"":0,""steps"":6249}"
20220408,"""	-0500""",4,"{""duration"":3,""altitude"":0.0,""distance"":340,""calorie"":20743,""count"":0,""floor"":0,""steps"":455}"
20220408,"""	-0500""",5,"{""duration"":234,""altitude"":0.0,""distance"":7818,""calorie"":792509,""count"":0,""floor"":0,""steps"":16221}"
20220409,"""	-0500""",5,"{""duration"":217,""altitude"":0.0,""distance"":6071,""calorie"":275312,""count"":0,""floor"":0,""steps"":8998}"
20220410,"""	-0500""",5,"{""duration"":74,""altitude"":0.0,""distance"":1386,""calorie"":68498,""count"":0,""floor"":0,""steps"":2252}"
20220411,"""	-0500""",5,"{""duration"":149,""altitude"":0.0,""distance"":6930,""calorie"":307672,""count"":0,""floor"":0,""steps"":10158}"
20220412,"""	-0500""",4,"{""duration"":19,""altitude"":0.0,""distance"":3730,""calorie"":177000,""count"":0,""floor"":0,""steps"":3332}"
20220412,"""	-0500""",5,"{""duration"":149,""altitude"":0.0,""distance"":3388,""calorie"":564465,""count"":0,""floor"":0,""steps"":8230}"
20220413,"""	-0500""",5,"{""duration"":195,""altitude"":0.0,""distance"":5862,""calorie"":244308,""count"":0,""floor"":0,""steps"":10377}"
20220414,"""	-0500""",4,"{""duration"":18,""altitude"":0.0,""distance"":3387,""calorie"":157308,""count"":0,""floor"":0,""steps"":3097}"
20220414,"""	-0500""",5,"{""duration"":161,""altitude"":0.0,""distance"":5246,""calorie"":608046,""count"":0,""floor"":0,""steps"":10582}"
20220415,"""	-0500""",4,"{""duration"":26,""altitude"":0.0,""distance"":4618,""calorie"":250000,""count"":0,""floor"":0,""steps"":4232}"
20220415,"""	-0500""",5,"{""duration"":74,""altitude"":0.0,""distance"":1979,""calorie"":101689,""count"":0,""floor"":0,""steps"":2742}"
20220416,"""	-0500""",5,"{""duration"":28,""altitude"":0.0,""distance"":280,""calorie"":6999,""count"":0,""floor"":0,""steps"":473}"
20220417,"""	-0500""",5,"{""duration"":46,""altitude"":0.0,""distance"":937,""calorie"":43323,""count"":0,""floor"":0,""steps"":1394}"
20220418,"""	-0500""",5,"{""duration"":207,""altitude"":0.0,""distance"":9486,""calorie"":431812,""count"":0,""floor"":0,""steps"":13788}"
20220419,"""	-0500""",5,"{""duration"":108,""altitude"":0.0,""distance"":4804,""calorie"":227958,""count"":0,""floor"":0,""steps"":7226}"
20220420,"""	-0500""",5,"{""duration"":111,""altitude"":0.0,""distance"":3480,""calorie"":163688,""count"":0,""floor"":0,""steps"":5446}"
20220421,"""	-0500""",5,"{""duration"":68,""altitude"":0.0,""distance"":1527,""calorie"":106558,""count"":0,""floor"":0,""steps"":2283}"
20220422,"""	-0500""",5,"{""duration"":99,""altitude"":0.0,""distance"":3402,""calorie"":179058,""count"":0,""floor"":0,""steps"":4894}"
20220423,"""	-0500""",4,"{""duration"":25,""altitude"":0.0,""distance"":4094,""calorie"":237000,""count"":0,""floor"":0,""steps"":3943}"
20220423,"""	-0500""",5,"{""duration"":114,""altitude"":0.0,""distance"":4401,""calorie"":212186,""count"":0,""floor"":0,""steps"":6039}"
20220424,"""	-0500""",4,"{""duration"":11,""altitude"":0.0,""distance"":2123,""calorie"":92000,""count"":0,""floor"":0,""steps"":1931}"
20220424,"""	-0500""",5,"{""duration"":149,""altitude"":0.0,""distance"":4852,""calorie"":641391,""count"":0,""floor"":0,""steps"":8722}"
20220425,"""	-0500""",4,"{""duration"":10,""altitude"":0.0,""distance"":1831,""calorie"":93000,""count"":0,""floor"":0,""steps"":1694}"
20220425,"""	-0500""",5,"{""duration"":231,""altitude"":0.0,""distance"":7748,""calorie"":785388,""count"":0,""floor"":0,""steps"":13353}"
20220426,"""	-0500""",5,"{""duration"":128,""altitude"":0.0,""distance"":5987,""calorie"":285817,""count"":0,""floor"":0,""steps"":9181}"
20220427,"""	-0500""",5,"{""duration"":100,""altitude"":0.0,""distance"":2864,""calorie"":130786,""count"":0,""floor"":0,""steps"":4489}"
20220428,"""	-0500""",5,"{""duration"":105,""altitude"":0.0,""distance"":4526,""calorie"":214881,""count"":0,""floor"":0,""steps"":6769}"
20220429,"""	-0500""",4,"{""duration"":14,""altitude"":0.0,""distance"":2595,""calorie"":127112,""count"":0,""floor"":0,""steps"":2390}"
20220429,"""	-0500""",5,"{""duration"":196,""altitude"":0.0,""distance"":8405,""calorie"":600137,""count"":0,""floor"":0,""steps"":14241}"
20220430,"""	-0500""",4,"{""duration"":12,""altitude"":0.0,""distance"":2182,""calorie"":73000,""count"":0,""floor"":0,""steps"":2018}"
20220430,"""	-0500""",5,"{""duration"":154,""altitude"":0.0,""distance"":5043,""calorie"":607018,""count"":0,""floor"":0,""steps"":10329}"
20220501,"""	-0500""",5,"{""duration"":137,""altitude"":0.0,""distance"":3785,""calorie"":442960,""count"":0,""floor"":0,""steps"":8094}"
20220502,"""	-0500""",4,"{""duration"":12,""altitude"":0.0,""distance"":2338,""calorie"":109000,""count"":0,""floor"":0,""steps"":2136}"
20220502,"""	-0500""",5,"{""duration"":251,""altitude"":0.0,""distance"":8783,""calorie"":738145,""count"":0,""floor"":0,""steps"":15362}"
20220503,"""	-0500""",5,"{""duration"":74,""altitude"":0.0,""distance"":1394,""calorie"":59025,""count"":0,""floor"":0,""steps"":2241}"
20220504,"""	-0500""",4,"{""duration"":34,""altitude"":0.0,""distance"":6056,""calorie"":330000,""count"":0,""floor"":0,""steps"":5593}"
20220504,"""	-0500""",5,"{""duration"":236,""altitude"":0.0,""distance"":10873,""calorie"":527841,""count"":0,""floor"":0,""steps"":16204}"
20220505,"""	-0500""",5,"{""duration"":142,""altitude"":0.0,""distance"":6577,""calorie"":298347,""count"":0,""floor"":0,""steps"":9696}"
20220506,"""	-0500""",5,"{""duration"":104,""altitude"":0.0,""distance"":4242,""calorie"":205792,""count"":0,""floor"":0,""steps"":6186}"
20220507,"""	-0500""",5,"{""duration"":148,""altitude"":0.0,""distance"":5058,""calorie"":428792,""count"":0,""floor"":0,""steps"":9810}"
20220508,"""	-0500""",4,"{""duration"":17,""altitude"":0.0,""distance"":3337,""calorie"":157000,""count"":0,""floor"":0,""steps"":3037}"
20220508,"""	-0500""",5,"{""duration"":239,""altitude"":0.0,""distance"":7651,""calorie"":733430,""count"":0,""floor"":0,""steps"":14603}"
20220509,"""	-0500""",4,"{""duration"":16,""altitude"":0.0,""distance"":3082,""calorie"":151000,""count"":0,""floor"":0,""steps"":2840}"
20220509,"""	-0500""",5,"{""duration"":134,""altitude"":0.0,""distance"":2356,""calorie"":439386,""count"":0,""floor"":0,""steps"":5455}"
20220510,"""	-0500""",5,"{""duration"":161,""altitude"":0.0,""distance"":0,""calorie"":0,""count"":0,""floor"":0,""steps"":0}"
20220511,"""	-0500""",5,"{""duration"":112,""altitude"":0.0,""distance"":0,""calorie"":0,""count"":0,""floor"":0,""steps"":0}"
20220512,"""	-0500""",5,"{""duration"":69,""altitude"":0.0,""distance"":2470,""calorie"":129373,""count"":0,""floor"":0,""steps"":3715}"
20220513,"""	-0500""",4,"{""duration"":13,""altitude"":0.0,""distance"":2479,""calorie"":125000,""count"":0,""floor"":0,""steps"":2260}"
20220513,"""	-0500""",5,"{""duration"":191,""altitude"":0.0,""distance"":8290,""calorie"":690128,""count"":0,""floor"":0,""steps"":13624}"
20220514,"""	-0500""",5,"{""duration"":67,""altitude"":0.0,""distance"":1438,""calorie"":57546,""count"":0,""floor"":0,""steps"":2375}"
20220515,"""	-0500""",4,"{""duration"":19,""altitude"":0.0,""distance"":3674,""calorie"":182000,""count"":0,""floor"":0,""steps"":3355}"
20220515,"""	-0500""",5,"{""duration"":172,""altitude"":0.0,""distance"":5559,""calorie"":616589,""count"":0,""floor"":0,""steps"":11583}"
20220516,"""	-0500""",5,"{""duration"":145,""altitude"":0.0,""distance"":4904,""calorie"":449264,""count"":0,""floor"":0,""steps"":8715}"
20220517,"""	-0500""",5,"{""duration"":95,""altitude"":0.0,""distance"":2303,""calorie"":102046,""count"":0,""floor"":0,""steps"":3643}"
20220518,"""	-0500""",5,"{""duration"":98,""altitude"":0.0,""distance"":3335,""calorie"":162365,""count"":0,""floor"":0,""steps"":5372}"
20220519,"""	-0500""",5,"{""duration"":107,""altitude"":0.0,""distance"":3824,""calorie"":186792,""count"":0,""floor"":0,""steps"":6373}"
20220520,"""	-0500""",5,"{""duration"":130,""altitude"":0.0,""distance"":5367,""calorie"":244244,""count"":0,""floor"":0,""steps"":7843}"
20220521,"""	-0500""",4,"{""duration"":16,""altitude"":0.0,""distance"":3053,""calorie"":145000,""count"":0,""floor"":0,""steps"":2797}"
20220521,"""	-0500""",5,"{""duration"":200,""altitude"":0.0,""distance"":8022,""calorie"":578549,""count"":0,""floor"":0,""steps"":11956}"
20220522,"""	-0500""",5,"{""duration"":10,""altitude"":0.0,""distance"":95,""calorie"":1836,""count"":0,""floor"":0,""steps"":173}"
20220526,"""	-0500""",5,"{""duration"":152,""altitude"":0.0,""distance"":4737,""calorie"":231177,""count"":0,""floor"":0,""steps"":7014}"
20220527,"""	-0500""",4,"{""duration"":5,""altitude"":0.0,""distance"":627,""calorie"":36668,""count"":0,""floor"":0,""steps"":752}"
20220527,"""	-0500""",5,"{""duration"":201,""altitude"":0.0,""distance"":8425,""calorie"":418280,""count"":0,""floor"":0,""steps"":12354}"
20220528,"""	-0500""",4,"{""duration"":27,""altitude"":0.0,""distance"":4142,""calorie"":250000,""count"":0,""floor"":0,""steps"":4433}"
20220528,"""	-0500""",5,"{""duration"":85,""altitude"":0.0,""distance"":3459,""calorie"":183499,""count"":0,""floor"":0,""steps"":4825}"
20220529,"""	-0500""",4,"{""duration"":25,""altitude"":0.0,""distance"":3771,""calorie"":235000,""count"":0,""floor"":0,""steps"":4129}"
20220529,"""	-0500""",5,"{""duration"":89,""altitude"":0.0,""distance"":4146,""calorie"":201796,""count"":0,""floor"":0,""steps"":5497}"
20220530,"""	-0500""",5,"{""duration"":226,""altitude"":0.0,""distance"":12648,""calorie"":558833,""count"":0,""floor"":0,""steps"":18036}"
20220531,"""	-0500""",5,"{""duration"":64,""altitude"":0.0,""distance"":1302,""calorie"":50170,""count"":0,""floor"":0,""steps"":2057}"
20220601,"""	-0500""",4,"{""duration"":1,""altitude"":0.0,""distance"":90,""calorie"":6875,""count"":0,""floor"":0,""steps"":112}"
20220601,"""	-0500""",5,"{""duration"":289,""altitude"":0.0,""distance"":15494,""calorie"":761259,""count"":0,""floor"":0,""steps"":22011}"
20220602,"""	-0500""",5,"{""duration"":118,""altitude"":0.0,""distance"":4421,""calorie"":230406,""count"":0,""floor"":0,""steps"":6324}"
20220603,"""	-0500""",5,"{""duration"":131,""altitude"":0.0,""distance"":3171,""calorie"":472532,""count"":0,""floor"":0,""steps"":8512}"
20220604,"""	-0500""",4,"{""duration"":22,""altitude"":0.0,""distance"":4318,""calorie"":199000,""count"":0,""floor"":0,""steps"":3892}"
20220604,"""	-0500""",5,"{""duration"":140,""altitude"":0.0,""distance"":6002,""calorie"":473455,""count"":0,""floor"":0,""steps"":10760}"
20220605,"""	-0500""",5,"{""duration"":137,""altitude"":0.0,""distance"":3939,""calorie"":439852,""count"":0,""floor"":0,""steps"":7927}"
20220606,"""	-0500""",5,"{""duration"":163,""altitude"":0.0,""distance"":7330,""calorie"":341595,""count"":0,""floor"":0,""steps"":10857}"
20220607,"""	-0500""",5,"{""duration"":78,""altitude"":0.0,""distance"":2479,""calorie"":120396,""count"":0,""floor"":0,""steps"":3743}"
20220608,"""	-0500""",5,"{""duration"":170,""altitude"":0.0,""distance"":9579,""calorie"":436558,""count"":0,""floor"":0,""steps"":13586}"
20220609,"""	-0500""",5,"{""duration"":39,""altitude"":0.0,""distance"":476,""calorie"":18839,""count"":0,""floor"":0,""steps"":820}"
20220610,"""	-0500""",4,"{""duration"":33,""altitude"":0.0,""distance"":5761,""calorie"":322603,""count"":0,""floor"":0,""steps"":5250}"
20220610,"""	-0500""",5,"{""duration"":169,""altitude"":0.0,""distance"":7181,""calorie"":316662,""count"":0,""floor"":0,""steps"":10157}"
20220611,"""	-0500""",4,"{""duration"":9,""altitude"":0.0,""distance"":1581,""calorie"":82000,""count"":0,""floor"":0,""steps"":1485}"
20220611,"""	-0500""",5,"{""duration"":120,""altitude"":0.0,""distance"":3983,""calorie"":565316,""count"":0,""floor"":0,""steps"":8273}"
20220612,"""	-0500""",5,"{""duration"":194,""altitude"":0.0,""distance"":5514,""calorie"":602824,""count"":0,""floor"":0,""steps"":10906}"
20220613,"""	-0500""",5,"{""duration"":16,""altitude"":0.0,""distance"":180,""calorie"":5638,""count"":0,""floor"":0,""steps"":317}"
20220615,"""	-0500""",5,"{""duration"":1,""altitude"":0.0,""distance"":0,""calorie"":0,""count"":0,""floor"":0,""steps"":0}"
20220616,"""	-0500""",4,"{""duration"":23,""altitude"":0.0,""distance"":4511,""calorie"":193000,""count"":0,""floor"":0,""steps"":4049}"
20220616,"""	-0500""",5,"{""duration"":153,""altitude"":0.0,""distance"":4676,""calorie"":649417,""count"":0,""floor"":0,""steps"":9328}"
20220617,"""	-0500""",5,"{""duration"":165,""altitude"":0.0,""distance"":3896,""calorie"":579685,""count"":0,""floor"":0,""steps"":10094}"
20220618,"""	-0500""",5,"{""duration"":177,""altitude"":0.0,""distance"":5750,""calorie"":568707,""count"":0,""floor"":0,""steps"":11525}"
20220619,"""	-0500""",5,"{""duration"":190,""altitude"":0.0,""distance"":4986,""calorie"":474825,""count"":0,""floor"":0,""steps"":9861}"
20220620,"""	-0500""",5,"{""duration"":172,""altitude"":0.0,""distance"":8785,""calorie"":395813,""count"":0,""floor"":0,""steps"":12448}"
20220621,"""	-0500""",5,"{""duration"":30,""altitude"":0.0,""distance"":724,""calorie"":23467,""count"":0,""floor"":0,""steps"":1068}"
20220622,"""	-0500""",5,"{""duration"":242,""altitude"":0.0,""distance"":10789,""calorie"":977378,""count"":0,""floor"":0,""steps"":18931}"
20220623,"""	-0500""",4,"{""duration"":16,""altitude"":0.0,""distance"":2951,""calorie"":135000,""count"":0,""floor"":0,""steps"":2716}"
20220623,"""	-0500""",5,"{""duration"":115,""altitude"":0.0,""distance"":3450,""calorie"":481069,""count"":0,""floor"":0,""steps"":7058}"
20220624,"""	-0500""",4,"{""duration"":30,""altitude"":0.0,""distance"":5155,""calorie"":282000,""count"":0,""floor"":0,""steps"":4805}"
20220624,"""	-0500""",5,"{""duration"":57,""altitude"":0.0,""distance"":1335,""calorie"":50117,""count"":0,""floor"":0,""steps"":1926}"
20220625,"""	-0500""",5,"{""duration"":122,""altitude"":0.0,""distance"":3343,""calorie"":414555,""count"":0,""floor"":0,""steps"":6836}"
20220626,"""	-0500""",5,"{""duration"":128,""altitude"":0.0,""distance"":3499,""calorie"":468846,""count"":0,""floor"":0,""steps"":7840}"
20220627,"""	-0500""",4,"{""duration"":17,""altitude"":0.0,""distance"":3203,""calorie"":145000,""count"":0,""floor"":0,""steps"":2950}"
20220627,"""	-0500""",5,"{""duration"":154,""altitude"":0.0,""distance"":5058,""calorie"":462229,""count"":0,""floor"":0,""steps"":9058}"
20220628,"""	-0500""",4,"{""duration"":15,""altitude"":0.0,""distance"":2910,""calorie"":127000,""count"":0,""floor"":0,""steps"":2648}"
20220628,"""	-0500""",5,"{""duration"":206,""altitude"":0.0,""distance"":5787,""calorie"":525711,""count"":0,""floor"":0,""steps"":11625}"
20220629,"""	-0500""",5,"{""duration"":122,""altitude"":0.0,""distance"":3172,""calorie"":418509,""count"":0,""floor"":0,""steps"":7138}"
20220630,"""	-0500""",4,"{""duration"":22,""altitude"":0.0,""distance"":4354,""calorie"":183000,""count"":0,""floor"":0,""steps"":3952}"
20220630,"""	-0500""",5,"{""duration"":157,""altitude"":0.0,""distance"":5735,""calorie"":594026,""count"":0,""floor"":0,""steps"":12031}"
20220701,"""	-0500""",5,"{""duration"":106,""altitude"":0.0,""distance"":4707,""calorie"":218246,""count"":0,""floor"":0,""steps"":6567}"
20220702,"""	-0500""",5,"{""duration"":62,""altitude"":0.0,""distance"":1935,""calorie"":79366,""count"":0,""floor"":0,""steps"":2898}"
20220703,"""	-0500""",5,"{""duration"":57,""altitude"":0.0,""distance"":1480,""calorie"":55483,""count"":0,""floor"":0,""steps"":2476}"
20220704,"""	-0500""",5,"{""duration"":201,""altitude"":0.0,""distance"":8270,""calorie"":650640,""count"":0,""floor"":0,""steps"":13746}"
20220706,"""	-0500""",4,"{""duration"":13,""altitude"":0.0,""distance"":2378,""calorie"":105000,""count"":0,""floor"":0,""steps"":2277}"
20220706,"""	-0500""",5,"{""duration"":127,""altitude"":0.0,""distance"":3784,""calorie"":442590,""count"":0,""floor"":0,""steps"":7711}"
20220707,"""	-0500""",4,"{""duration"":12,""altitude"":0.0,""distance"":2276,""calorie"":101000,""count"":0,""floor"":0,""steps"":2123}"
20220707,"""	-0500""",5,"{""duration"":126,""altitude"":0.0,""distance"":3751,""calorie"":400112,""count"":0,""floor"":0,""steps"":7413}"
20220708,"""	-0500""",5,"{""duration"":153,""altitude"":0.0,""distance"":5162,""calorie"":230635,""count"":0,""floor"":0,""steps"":7898}"
20220709,"""	-0500""",5,"{""duration"":60,""altitude"":0.0,""distance"":2071,""calorie"":84923,""count"":0,""floor"":0,""steps"":3246}"
20220710,"""	-0500""",5,"{""duration"":155,""altitude"":0.0,""distance"":4753,""calorie"":492164,""count"":0,""floor"":0,""steps"":8413}"
20220711,"""	-0500""",5,"{""duration"":138,""altitude"":0.0,""distance"":3602,""calorie"":498825,""count"":0,""floor"":0,""steps"":8569}"
20220712,"""	-0500""",4,"{""duration"":22,""altitude"":0.0,""distance"":4287,""calorie"":192000,""count"":0,""floor"":0,""steps"":3988}"
20220712,"""	-0500""",5,"{""duration"":113,""altitude"":0.0,""distance"":4277,""calorie"":345627,""count"":0,""floor"":0,""steps"":7820}"
20220713,"""	-0500""",5,"{""duration"":174,""altitude"":0.0,""distance"":3742,""calorie"":662993,""count"":0,""floor"":0,""steps"":9632}"
20220714,"""	-0500""",4,"{""duration"":24,""altitude"":0.0,""distance"":3438,""calorie"":193085,""count"":0,""floor"":0,""steps"":4389}"
20220714,"""	-0500""",5,"{""duration"":136,""altitude"":0.0,""distance"":3512,""calorie"":536058,""count"":0,""floor"":0,""steps"":9447}"
20220715,"""	-0500""",5,"{""duration"":40,""altitude"":0.0,""distance"":817,""calorie"":26470,""count"":0,""floor"":0,""steps"":1301}"
20220716,"""	-0500""",5,"{""duration"":151,""altitude"":0.0,""distance"":4472,""calorie"":501939,""count"":0,""floor"":0,""steps"":8844}"
20220717,"""	-0500""",5,"{""duration"":87,""altitude"":0.0,""distance"":1222,""calorie"":34872,""count"":0,""floor"":0,""steps"":2103}"
20220718,"""	-0500""",4,"{""duration"":25,""altitude"":0.0,""distance"":4757,""calorie"":233000,""count"":0,""floor"":0,""steps"":4481}"
20220718,"""	-0500""",5,"{""duration"":108,""altitude"":0.0,""distance"":3484,""calorie"":624916,""count"":0,""floor"":0,""steps"":8656}"
20220719,"""	-0500""",5,"{""duration"":136,""altitude"":0.0,""distance"":3168,""calorie"":649470,""count"":0,""floor"":0,""steps"":7708}"
20220720,"""	-0500""",4,"{""duration"":7,""altitude"":0.0,""distance"":1168,""calorie"":62000,""count"":0,""floor"":0,""steps"":1178}"
20220720,"""	-0500""",5,"{""duration"":123,""altitude"":0.0,""distance"":1808,""calorie"":509274,""count"":0,""floor"":0,""steps"":6779}"
20220721,"""	-0500""",5,"{""duration"":4,""altitude"":0.0,""distance"":13,""calorie"":271,""count"":0,""floor"":0,""steps"":22}"
20220722,"""	-0500""",5,"{""duration"":119,""altitude"":0.0,""distance"":6438,""calorie"":297026,""count"":0,""floor"":0,""steps"":9081}"
20220723,"""	-0500""",4,"{""duration"":28,""altitude"":0.0,""distance"":4237,""calorie"":243000,""count"":0,""floor"":0,""steps"":4540}"
20220723,"""	-0500""",5,"{""duration"":78,""altitude"":0.0,""distance"":2191,""calorie"":110962,""count"":0,""floor"":0,""steps"":3181}"
20220724,"""	-0500""",5,"{""duration"":37,""altitude"":0.0,""distance"":597,""calorie"":21186,""count"":0,""floor"":0,""steps"":991}"
20220725,"""	-0500""",4,"{""duration"":28,""altitude"":0.0,""distance"":4178,""calorie"":246000,""count"":0,""floor"":0,""steps"":4434}"
20220725,"""	-0500""",5,"{""duration"":77,""altitude"":0.0,""distance"":2565,""calorie"":160177,""count"":0,""floor"":0,""steps"":3913}"
20220726,"""	-0500""",5,"{""duration"":9,""altitude"":0.0,""distance"":106,""calorie"":6713,""count"":0,""floor"":0,""steps"":181}"
